{
  "image_info": {
    "width": 400,
    "height": 400,
    "original_area": 21665
  },
  "approximation_metrics": {
    "number_of_circles": 2,
    "iou_score": 1.0,
    "fitness_score": 1.05
  },
  "circles": [
    {
      "id": 1,
      "center": {
        "x": 250.22780749545913,
        "y": 200.21478637877954
      },
      "radius": 60.23894080676702,
      "diameter": 120.47788161353404,
      "area": 11399.99147694071
    },
    {
      "id": 2,
      "center": {
        "x": 150.57936931004855,
        "y": 200.1425431193724
      },
      "radius": 60.896196977296746,
      "diameter": 121.79239395459349,
      "area": 11650.115083628105
    }
  ]
}