{
  "image_info": {
    "width": 400,
    "height": 400,
    "original_area": 21665
  },
  "approximation_metrics": {
    "number_of_circles": 2,
    "iou_score": 1.0,
    "fitness_score": 1.05
  },
  "circles": [
    {
      "id": 1,
      "center": {
        "x": 250.4409490262727,
        "y": 200.70531711550558
      },
      "radius": 60.43062342740352,
      "diameter": 120.86124685480704,
      "area": 11472.657326502524
    },
    {
      "id": 2,
      "center": {
        "x": 150.70642790751197,
        "y": 200.5681531061466
      },
      "radius": 60.47406877471163,
      "diameter": 120.94813754942327,
      "area": 11489.159315827697
    }
  ]
}