{
  "image_info": {
    "width": 400,
    "height": 400,
    "original_area": 11277
  },
  "approximation_metrics": {
    "number_of_circles": 2,
    "iou_score": 0.7754706310091298,
    "fitness_score": 0.6625239253249939
  },
  "circles": [
    {
      "id": 1,
      "center": {
        "x": 92.76265408280538,
        "y": 231.7139179982092
      },
      "radius": 52.156278866152896,
      "diameter": 104.31255773230579,
      "area": 8546.003574621089
    },
    {
      "id": 2,
      "center": {
        "x": 167.86238040487598,
        "y": 194.75067583711566
      },
      "radius": 51.354757412679945,
      "diameter": 102.70951482535989,
      "area": 8285.357204998762
    }
  ]
}