{
  "image_info": {
    "width": 400,
    "height": 400,
    "original_area": 22273,
    "processing_time": "2025-12-21 02:25:05"
  },
  "approximation_metrics": {
    "number_of_circles": 1,
    "iou_score": 0.9822277513662416,
    "precision": 0.9894171082072423,
    "recall": 0.9924693188388896
  },
  "error_statistics": {
    "extra_pixels": 234,
    "uncovered_pixels": 166,
    "extra_percentage": 1.05059938041575,
    "uncovered_percentage": 0.7452969963633098
  },
  "circles": [
    {
      "id": 1,
      "center": {
        "x": 200.0,
        "y": 201.37897200795453
      },
      "radius": 87.8974120773411,
      "diameter": 175.7948241546822,
      "area": 24271.80362671167,
      "coverage_of_circle": 0.9895259836175642,
      "coverage_of_target": 0.9925470300363669
    }
  ]
}