{
  "image_info": {
    "width": 400,
    "height": 400,
    "original_area": 18153
  },
  "approximation_metrics": {
    "number_of_circles": 3,
    "iou_score": 0.8885424785658612,
    "fitness_score": 0.8290316539087798
  },
  "circles": [
    {
      "id": 1,
      "center": {
        "x": 130.2552168349451,
        "y": 188.0524007687153
      },
      "radius": 52.58612141061396,
      "diameter": 105.17224282122793,
      "area": 8687.446683371814
    },
    {
      "id": 2,
      "center": {
        "x": 168.46782250653024,
        "y": 260.0
      },
      "radius": 45.53220915062142,
      "diameter": 91.06441830124284,
      "area": 6513.0935610931265
    },
    {
      "id": 3,
      "center": {
        "x": 218.83526524846513,
        "y": 193.34413070481153
      },
      "radius": 54.20633039286755,
      "diameter": 108.4126607857351,
      "area": 9231.024175492117
    }
  ]
}