{
  "image_info": {
    "width": 119,
    "height": 79,
    "original_area": 8067
  },
  "approximation_metrics": {
    "number_of_circles": 2,
    "iou_score": 0.9931059953219254,
    "fitness_score": 0.9882466919873525
  },
  "circles": [
    {
      "id": 1,
      "center": {
        "x": 78.52133482786043,
        "y": 39.81622789619813
      },
      "radius": 41.716100533561125,
      "diameter": 83.43220106712225,
      "area": 5467.103345704369
    },
    {
      "id": 2,
      "center": {
        "x": 39.47554368218766,
        "y": 39.97469692685977
      },
      "radius": 40.56972253216413,
      "diameter": 81.13944506432826,
      "area": 5170.7548454415555
    }
  ]
}