{
  "image_info": {
    "width": 119,
    "height": 119,
    "original_area": 11277
  },
  "approximation_metrics": {
    "number_of_circles": 2,
    "iou_score": 0.7677129298143368,
    "fitness_score": 0.6674557692219807
  },
  "circles": [
    {
      "id": 1,
      "center": {
        "x": 117.91227366847328,
        "y": 59.90533174836889
      },
      "radius": 41.5644479600851,
      "diameter": 83.1288959201702,
      "area": 5427.425943123588
    },
    {
      "id": 2,
      "center": {
        "x": 39.01242911589415,
        "y": 59.10364059840442
      },
      "radius": 51.80191382721274,
      "diameter": 103.60382765442549,
      "area": 8430.269974752118
    }
  ]
}