{
  "image_info": {
    "width": 400,
    "height": 400,
    "original_area": 11277
  },
  "approximation_metrics": {
    "number_of_circles": 2,
    "iou_score": 0.9988485385296723,
    "fitness_score": 1.048041586326072
  },
  "circles": [
    {
      "id": 1,
      "center": {
        "x": 210.0,
        "y": 260.0
      },
      "radius": 5.852854213671729,
      "diameter": 11.705708427343458,
      "area": 107.61809146799705
    },
    {
      "id": 2,
      "center": {
        "x": 150.009213957172,
        "y": 200.4635643234515
      },
      "radius": 60.00822707770442,
      "diameter": 120.01645415540884,
      "area": 11312.835300786555
    }
  ]
}