{
  "image_info": {
    "width": 400,
    "height": 400,
    "original_area": 19938
  },
  "approximation_metrics": {
    "number_of_circles": 2,
    "number_of_real_pores": 1,
    "iou_score": 0.9773142885385262,
    "fitness_score": 1.0458036054208615
  },
  "circles": [
    {
      "id": 1,
      "center": {
        "x": 200.52213895844085,
        "y": 200.9178333977988
      },
      "radius": 80.19814789507413,
      "diameter": 160.39629579014826,
      "area": 20205.916325471975
    },
    {
      "id": 2,
      "center": {
        "x": 188.69161379462352,
        "y": 208.5488578828055
      },
      "radius": 22.197878982358294,
      "diameter": 44.39575796471659,
      "area": 1548.0066837475317
    }
  ]
}