{
  "image_info": {
    "width": 119,
    "height": 119,
    "original_area": 11277
  },
  "approximation_metrics": {
    "number_of_circles": 2,
    "iou_score": 0.6990307770787281,
    "fitness_score": 0.5876536377686279
  },
  "circles": [
    {
      "id": 1,
      "center": {
        "x": 68.85203824800996,
        "y": 102.15491484838944
      },
      "radius": 40.23502769963639,
      "diameter": 80.47005539927278,
      "area": 5085.790684665655
    },
    {
      "id": 2,
      "center": {
        "x": 53.349126844384166,
        "y": 37.055446955219125
      },
      "radius": 42.16215064590948,
      "diameter": 84.32430129181895,
      "area": 5584.642589649131
    }
  ]
}