{
  "image_info": {
    "width": 400,
    "height": 400,
    "original_area": 22356,
    "processing_time": "2025-12-16 12:05:25"
  },
  "approximation_metrics": {
    "number_of_circles": 2,
    "iou_score": 0.9662477239419106,
    "precision": 0.9926019305037971,
    "recall": 0.9730185456348225
  },
  "error_statistics": {
    "extra_pixels": 161,
    "uncovered_pixels": 599,
    "extra_percentage": 0.720164609053498,
    "uncovered_percentage": 2.679370191447486
  },
  "circles": [
    {
      "id": 1,
      "center": {
        "x": 151.18400008468535,
        "y": 199.4906770036939
      },
      "radius": 61.96441055818599,
      "diameter": 123.92882111637198,
      "area": 12062.422005977127,
      "coverage_of_circle": 0.9862027594481104,
      "coverage_of_target": 0.5147611379495437
    },
    {
      "id": 2,
      "center": {
        "x": 250.50958571422964,
        "y": 200.0
      },
      "radius": 60.60046302407141,
      "diameter": 121.20092604814282,
      "area": 11537.235499532708,
      "coverage_of_circle": 1.0,
      "coverage_of_target": 0.5044283413848631
    }
  ]
}