{
  "image_info": {
    "width": 400,
    "height": 400,
    "original_area": 18153
  },
  "approximation_metrics": {
    "number_of_circles": 4,
    "iou_score": 0.8958158995815899,
    "fitness_score": 0.841587948278775
  },
  "circles": [
    {
      "id": 1,
      "center": {
        "x": 119.86642502347007,
        "y": 206.72549254581116
      },
      "radius": 41.04153433670561,
      "diameter": 82.08306867341122,
      "area": 5291.722355548883
    },
    {
      "id": 2,
      "center": {
        "x": 176.21880322490517,
        "y": 141.0
      },
      "radius": 60.488492320419205,
      "diameter": 120.97698464083841,
      "area": 11494.640480895418
    },
    {
      "id": 3,
      "center": {
        "x": 249.30570865169116,
        "y": 189.10291176239696
      },
      "radius": 36.03479024795213,
      "diameter": 72.06958049590426,
      "area": 4079.3772502062798
    },
    {
      "id": 4,
      "center": {
        "x": 194.70505819534122,
        "y": 235.87625709875385
      },
      "radius": 49.02071209696216,
      "diameter": 98.04142419392431,
      "area": 7549.342068206305
    }
  ]
}