{
  "image_info": {
    "width": 400,
    "height": 400,
    "original_area": 22356
  },
  "approximation_metrics": {
    "number_of_circles": 2,
    "iou_score": 0.9676946971377857,
    "fitness_score": 1.0047227880306109
  },
  "circles": [
    {
      "id": 1,
      "center": {
        "x": 250.28241822065283,
        "y": 200.84307745834926
      },
      "radius": 60.23217229524589,
      "diameter": 120.46434459049178,
      "area": 11397.429790507496
    },
    {
      "id": 2,
      "center": {
        "x": 150.0210770765681,
        "y": 199.64631880822697
      },
      "radius": 61.521751058281204,
      "diameter": 123.04350211656241,
      "area": 11890.695255037494
    }
  ]
}