{
  "image_info": {
    "width": 119,
    "height": 119,
    "original_area": 11277
  },
  "approximation_metrics": {
    "number_of_circles": 3,
    "iou_score": 0.8259707724425888,
    "fitness_score": 0.7457721380540102
  },
  "circles": [
    {
      "id": 1,
      "center": {
        "x": 67.82207752818097,
        "y": 95.39877140295322
      },
      "radius": 39.379461090701554,
      "diameter": 78.75892218140311,
      "area": 4871.799535936141
    },
    {
      "id": 2,
      "center": {
        "x": 66.12428276172598,
        "y": 32.15601781150732
      },
      "radius": 39.04439879667365,
      "diameter": 78.0887975933473,
      "area": 4789.248287794214
    },
    {
      "id": 3,
      "center": {
        "x": 12.354072130758606,
        "y": 63.95752785303055
      },
      "radius": 38.21923988937853,
      "diameter": 76.43847977875706,
      "area": 4588.956740345964
    }
  ]
}