{
  "image_info": {
    "width": 400,
    "height": 400,
    "original_area": 27805,
    "processing_time": "2026-01-09 14:06:14"
  },
  "approximation_metrics": {
    "number_of_circles": 3,
    "iou_score": 0.9995684229455134,
    "precision": 1.0,
    "recall": 0.9995684229455134
  },
  "error_statistics": {
    "extra_pixels": 0,
    "uncovered_pixels": 12,
    "extra_percentage": 0.0,
    "uncovered_percentage": 0.043157705448660315
  },
  "circles": [
    {
      "id": 1,
      "center": {
        "x": 220.0,
        "y": 140.9455808687533
      },
      "radius": 55.00308424442165,
      "diameter": 110.0061684888433,
      "area": 9504.383645351587,
      "coverage_of_circle": 1.0,
      "coverage_of_target": 0.3404064017263082
    },
    {
      "id": 2,
      "center": {
        "x": 140.0,
        "y": 200.04617935197123
      },
      "radius": 55.001101868311345,
      "diameter": 110.00220373662269,
      "area": 9503.69855927651,
      "coverage_of_circle": 1.0,
      "coverage_of_target": 0.3404064017263082
    },
    {
      "id": 3,
      "center": {
        "x": 220.0,
        "y": 260.0
      },
      "radius": 55.00126400545625,
      "diameter": 110.0025280109125,
      "area": 9503.754591056577,
      "coverage_of_circle": 1.0,
      "coverage_of_target": 0.3404064017263082
    }
  ]
}