{
  "image_info": {
    "width": 400,
    "height": 400,
    "original_area": 19938
  },
  "approximation_metrics": {
    "number_of_circles": 1,
    "iou_score": 0.9773142885385262,
    "fitness_score": 1.064489531792614
  },
  "circles": [
    {
      "id": 1,
      "center": {
        "x": 200.15149314727023,
        "y": 200.80410547891063
      },
      "radius": 80.1042607865556,
      "diameter": 160.2085215731112,
      "area": 20158.634320441874
    }
  ]
}