{
  "image_info": {
    "width": 400,
    "height": 400,
    "original_area": 22414
  },
  "approximation_metrics": {
    "number_of_circles": 2,
    "number_of_real_pores": 1,
    "iou_score": 0.7399751044723037,
    "fitness_score": 0.6094986165629613
  },
  "circles": [
    {
      "id": 1,
      "center": {
        "x": 237.8539919925686,
        "y": 226.11565900859569
      },
      "radius": 55.333333333333336,
      "diameter": 110.66666666666667,
      "area": 9618.85857359115
    },
    {
      "id": 2,
      "center": {
        "x": 179.56351291164566,
        "y": 184.77706671712804
      },
      "radius": 55.333333333333336,
      "diameter": 110.66666666666667,
      "area": 9618.85857359115
    }
  ]
}