{
  "image_info": {
    "width": 219,
    "height": 119,
    "original_area": 21665
  },
  "approximation_metrics": {
    "number_of_circles": 3,
    "iou_score": 0.9790950350708293,
    "fitness_score": 0.9700481853131556
  },
  "circles": [
    {
      "id": 1,
      "center": {
        "x": 159.86642470504967,
        "y": 66.64413879443858
      },
      "radius": 54.233538728427234,
      "diameter": 108.46707745685447,
      "area": 9240.293345176018
    },
    {
      "id": 2,
      "center": {
        "x": 60.60807033124924,
        "y": 59.41888398975197
      },
      "radius": 60.19361066210528,
      "diameter": 120.38722132421056,
      "area": 11382.840815849038
    },
    {
      "id": 3,
      "center": {
        "x": 161.5965795239471,
        "y": 55.164628849162035
      },
      "radius": 57.99193807571042,
      "diameter": 115.98387615142084,
      "area": 10565.37992613655
    }
  ]
}