{
  "image_info": {
    "width": 400,
    "height": 400,
    "original_area": 21665,
    "processing_time": "2025-12-30 19:19:49"
  },
  "approximation_metrics": {
    "number_of_circles": 2,
    "iou_score": 1.0,
    "precision": 1.0,
    "recall": 1.0
  },
  "error_statistics": {
    "extra_pixels": 0,
    "uncovered_pixels": 0,
    "extra_percentage": 0.0,
    "uncovered_percentage": 0.0
  },
  "circles": [
    {
      "id": 1,
      "center": {
        "x": 150.0,
        "y": 200.0
      },
      "radius": 60.058206305178366,
      "diameter": 120.11641261035673,
      "area": 11331.687456646281,
      "coverage_of_circle": 1.0,
      "coverage_of_target": 0.5205169628432956
    },
    {
      "id": 2,
      "center": {
        "x": 250.0,
        "y": 200.0
      },
      "radius": 60.57508104500278,
      "diameter": 121.15016209000557,
      "area": 11527.572981160863,
      "coverage_of_circle": 1.0,
      "coverage_of_target": 0.5205169628432956
    }
  ]
}