{
  "image_info": {
    "width": 400,
    "height": 400,
    "original_area": 19938
  },
  "approximation_metrics": {
    "number_of_circles": 1,
    "iou_score": 0.9673853507942041,
    "fitness_score": 1.0546207806266847
  },
  "circles": [
    {
      "id": 1,
      "center": {
        "x": 199.90503428086674,
        "y": 199.3241657615639
      },
      "radius": 79.86970993782147,
      "diameter": 159.73941987564294,
      "area": 20040.755384733584
    }
  ]
}