{
  "image_info": {
    "width": 179,
    "height": 119,
    "original_area": 18153
  },
  "approximation_metrics": {
    "number_of_circles": 2,
    "iou_score": 1.0,
    "fitness_score": 1.0
  },
  "circles": [
    {
      "id": 1,
      "center": {
        "x": 119.48215032094775,
        "y": 59.74695200493156
      },
      "radius": 60.44899655925923,
      "diameter": 120.89799311851846,
      "area": 11479.634606483709
    },
    {
      "id": 2,
      "center": {
        "x": 59.594459465895476,
        "y": 59.41750791879515
      },
      "radius": 60.212349068415996,
      "diameter": 120.42469813683199,
      "area": 11389.928926817605
    }
  ]
}