{
  "image_info": {
    "width": 400,
    "height": 400,
    "original_area": 18153,
    "processing_time": "2025-12-30 19:21:21"
  },
  "approximation_metrics": {
    "number_of_circles": 2,
    "iou_score": 0.9556801639079097,
    "precision": 0.9777933863035712,
    "recall": 0.9759232180380589
  },
  "error_statistics": {
    "extra_pixels": 394,
    "uncovered_pixels": 428,
    "extra_percentage": 2.170440147634,
    "uncovered_percentage": 2.3577370131658677
  },
  "circles": [
    {
      "id": 1,
      "center": {
        "x": 150.0,
        "y": 200.0
      },
      "radius": 60.00594853449181,
      "diameter": 120.01189706898361,
      "area": 11311.9762087598,
      "coverage_of_circle": 1.0,
      "coverage_of_target": 0.6212196331184928
    },
    {
      "id": 2,
      "center": {
        "x": 220.86537839649142,
        "y": 200.91212198205284
      },
      "radius": 57.04459962755464,
      "diameter": 114.08919925510928,
      "area": 10223.01376083906,
      "coverage_of_circle": 0.9602180936995154,
      "coverage_of_target": 0.5238803503553132
    }
  ]
}