{
  "image_info": {
    "width": 160,
    "height": 164,
    "original_area": 19938
  },
  "approximation_metrics": {
    "number_of_circles": 1,
    "iou_score": 0.9773142885385262,
    "fitness_score": 1.064489531792614
  },
  "circles": [
    {
      "id": 1,
      "center": {
        "x": 79.90818104294654,
        "y": 79.5220572500952
      },
      "radius": 80.20562594118225,
      "diameter": 160.4112518823645,
      "area": 20209.684687275138
    }
  ]
}