{
  "image_info": {
    "width": 174,
    "height": 166,
    "original_area": 22414
  },
  "approximation_metrics": {
    "number_of_circles": 2,
    "iou_score": 0.9072357792704702,
    "fitness_score": 0.9082574621472437
  },
  "circles": [
    {
      "id": 1,
      "center": {
        "x": 174.0,
        "y": 152.6113558608329
      },
      "radius": 64.17808409705339,
      "diameter": 128.35616819410677,
      "area": 12939.675005853462
    },
    {
      "id": 2,
      "center": {
        "x": 78.11907509877615,
        "y": 79.25951147901785
      },
      "radius": 79.43227950570181,
      "diameter": 158.86455901140363,
      "area": 19821.838093425937
    }
  ]
}