{
  "image_info": {
    "width": 400,
    "height": 400,
    "original_area": 22356
  },
  "approximation_metrics": {
    "number_of_circles": 2,
    "iou_score": 0.9676946971377857,
    "fitness_score": 1.0047227880306109
  },
  "circles": [
    {
      "id": 1,
      "center": {
        "x": 250.31765362893262,
        "y": 200.68876585506501
      },
      "radius": 60.54866980537198,
      "diameter": 121.09733961074396,
      "area": 11517.522937013495
    },
    {
      "id": 2,
      "center": {
        "x": 150.82642143878437,
        "y": 199.02175488154035
      },
      "radius": 61.6062840642001,
      "diameter": 123.2125681284002,
      "area": 11923.394154360341
    }
  ]
}