{
  "image_info": {
    "width": 400,
    "height": 400,
    "original_area": 19938
  },
  "approximation_metrics": {
    "number_of_circles": 1,
    "iou_score": 0.9773142885385262,
    "fitness_score": 1.064489531792614
  },
  "circles": [
    {
      "id": 1,
      "center": {
        "x": 200.6043471582661,
        "y": 200.0539211254155
      },
      "radius": 80.09830401810534,
      "diameter": 160.19660803621068,
      "area": 20155.636331296388
    }
  ]
}