{
  "image_info": {
    "width": 400,
    "height": 400,
    "original_area": 21665,
    "processing_time": "2026-01-09 14:03:42"
  },
  "approximation_metrics": {
    "number_of_circles": 2,
    "iou_score": 1.0,
    "precision": 1.0,
    "recall": 1.0
  },
  "error_statistics": {
    "extra_pixels": 0,
    "uncovered_pixels": 0,
    "extra_percentage": 0.0,
    "uncovered_percentage": 0.0
  },
  "circles": [
    {
      "id": 1,
      "center": {
        "x": 150.27283538573164,
        "y": 200.16546336062643
      },
      "radius": 60.000013152507364,
      "diameter": 120.00002630501473,
      "area": 11309.738511302261,
      "coverage_of_circle": 1.0,
      "coverage_of_target": 0.5205169628432956
    },
    {
      "id": 2,
      "center": {
        "x": 250.92200782009553,
        "y": 200.0
      },
      "radius": 60.02680537262934,
      "diameter": 120.05361074525868,
      "area": 11319.841197653035,
      "coverage_of_circle": 1.0,
      "coverage_of_target": 0.5205169628432956
    }
  ]
}